"","PC1","PC2","PC3","PC4","PC5","PC6","class_match","species_match","mobility_PCA","mob_match","habitat_PCA","animal"
"1",-0.256876558406651,-1.42648052479858,-0.586956939572729,0.476757281892391,-0.158402764039955,-0.0702368510858715,"Actinopterygii","Cyprinus_carpio","pelagic",2,"marine","Cyprinus_carpio"
"2",0.0892792471428089,-1.89457221192325,-0.960008477344661,1.45607081241187,0.378159395984152,0.406491799055671,"Actinopterygii","Esox_lucius","pelagic",2,"marine","Esox_lucius"
"3",1.29675222147336,-1.512500151934,-0.656752942477839,0.696701003860794,0.1900602732696,0.170919871901595,"Actinopterygii","Maccullochella_peelii","pelagic",2,"marine","Maccullochella_peelii"
"4",-0.457268758967797,-0.921194819393643,-0.506364187048913,0.682640760981815,0.0283478926705078,-0.0133387344203883,"Actinopterygii","Macquaria_ambigua","pelagic",2,"marine","Macquaria_ambigua"
"5",-1.9272566009571,0.583189475361602,-0.836882926823557,1.51478783771878,0.754362881452085,0.538864599244696,"Actinopterygii","Oncorhynchus_tshawytscha","pelagic",2,"marine","Oncorhynchus_tshawytscha"
"6",-1.98865346034013,0.558440737918069,-0.79380674189606,1.69183053792068,0.625736796390458,0.603835347456326,"Actinopterygii","Oncorhynchus_tshawytscha","pelagic",2,"marine","Oncorhynchus_tshawytscha"
"7",-1.86963831998138,0.311344527159604,-0.776767000138873,1.31947220689103,0.190307352430064,0.451857192304206,"Actinopterygii","Oncorhynchus_tshawytscha","pelagic",2,"marine","Oncorhynchus_tshawytscha"
"8",-1.86768324298423,0.0985299426601598,-0.299449463737686,1.25448840919473,0.20773815817635,0.35387199739643,"Actinopterygii","Oncorhynchus_tshawytscha","pelagic",2,"marine","Oncorhynchus_tshawytscha"
"9",-0.787473562363947,-0.598947261008373,0.316371838343608,1.38010388362704,0.844019936802999,0.503121509145033,"Actinopterygii","Salvelinus_confluentus","pelagic",2,"marine","Salvelinus_confluentus"
"10",-1.00702781191992,-2.71967555574349,2.26915243535727,0.182123557844676,0.194874909784527,0.135587329466843,"Actinopterygii","Salvelinus_confluentus","pelagic",2,"marine","Salvelinus_confluentus"
"11",2.87849154032386,-0.15637966630309,-0.934728230502774,-1.03435855604292,0.203277556812806,-0.19277975430543,"Aves","Anarhynchus_frontalis","volant",5,"marine","Anarhynchus_frontalis"
"12",-1.50219453506728,1.95563968473942,0.53930096078757,-2.46046263471106,0.547520734242925,-0.366930599737851,"Aves","Anas_fulvigula","volant",5,"marine","Anas_fulvigula"
"13",-1.85094856432647,0.509501724076146,0.0765954588733456,-0.769552235599533,-0.286530212189757,-0.0675608650069529,"Aves","Anas_platyrhynchos","volant",5,"marine","Anas_platyrhynchos"
"14",-1.84243460581884,0.418886005225885,0.0301416824409149,-0.537909231965831,-0.518395717366474,-0.058777525058705,"Aves","Anas_platyrhynchos","volant",5,"marine","Anas_platyrhynchos"
"15",0.694182104272857,1.25993480643757,0.00580246859076144,0.575338107377497,-0.409270909998233,-0.0241317832442649,"Aves","Coragyps_atratus","volant",5,"terrestrial","Coragyps_atratus"
"16",1.33815943531509,1.51597432444224,0.0198010194606078,0.727131597497767,0.0164761191193642,0.149957448871015,"Aves","Coragyps_atratus","volant",5,"terrestrial","Coragyps_atratus"
"17",-0.361206185953398,-0.12508271811403,0.195740451607644,0.722769390205093,0.115646697661124,-0.341843905368338,"Aves","Hirundo_rustica","volant",5,"terrestrial","Hirundo_rustica"
"18",-1.05440152764725,0.182502074685188,-0.166046256977841,0.00846267519101232,-0.305159070444467,0.441587511806812,"Aves","Jynx_torquilla","volant",5,"terrestrial","Jynx_torquilla"
"19",0.380187627870685,1.8096056116932,0.44597951040699,-0.190519666046498,0.197603918201088,-0.0848145517956446,"Aves","Pernis_apivorus","volant",5,"terrestrial","Pernis_apivorus"
"20",0.247927900078635,1.54076219168506,0.338649812190428,0.127054309735057,0.0934625293830184,-0.0703042895238386,"Aves","Pernis_apivorus","volant",5,"terrestrial","Pernis_apivorus"
"21",0.807169439582355,-0.110328351674072,-0.722557415208077,0.075628293327845,0.282439605260407,-0.124684902595141,"Aves","Phalacrocorax_auritus","volant",5,"marine","Phalacrocorax_auritus"
"22",0.86556670173016,-0.604688693843344,-0.702972568322553,0.210405416573868,0.319406950559433,-0.0378691872642202,"Aves","Phalacrocorax_auritus","volant",5,"marine","Phalacrocorax_auritus"
"23",0.236337291331124,0.0852721660728605,-0.597727147995371,0.121032326261999,-0.0281915716304582,-0.0379470319663588,"Aves","Picoides_borealis","volant",5,"terrestrial","Picoides_borealis"
"24",-0.013718576016185,0.20039110272945,-0.416156677238832,0.115807210460628,0.118510845661647,-0.037931346002167,"Aves","Picoides_borealis","volant",5,"terrestrial","Picoides_borealis"
"25",1.82013857766123,2.19119027646868,0.624230073891224,-0.103028278825211,0.575343664856202,0.248818993548449,"Aves","Thalassarche_melanophris","volant",5,"marine","Thalassarche_melanophris"
"26",-1.8370011347369,-0.904777916378146,-0.0921538111817515,1.10109809110267,-0.0080980783388052,-0.0837309792405523,"Aves","Tympanuchus_cupido","volant",5,"terrestrial","Tympanuchus_cupido"
"27",-0.620036108550794,0.239408191836546,0.0825808127265761,-0.335734185582515,-0.00321264725556677,0.128550827355848,"Aves","Vermivora_chrysoptera","volant",5,"terrestrial","Vermivora_chrysoptera"
"28",-0.5124606051489,0.174555226897316,0.0544936129226661,-0.368473809912076,-0.0307274488263719,0.124948676551287,"Aves","Vermivora_chrysoptera","volant",5,"terrestrial","Vermivora_chrysoptera"
"29",1.05303178509109,-1.81385109941111,1.30871903303201,0.539469405301703,0.384049253872904,0.241963265335072,"Gastropoda","Haliotis_rufescens","sessile",8,"marine","Haliotis_rufescens"
"30",0.257730688603796,-1.77365500418348,-2.29692044466138,-0.455749172052552,-0.260401948103986,-0.496055383539239,"Mammalia","Alces_alces","terrestrial",3,"terrestrial","Alces_alces"
"31",-1.02133985844912,0.117059750009529,-1.25693835734826,-0.0754841733349934,0.00570200944060904,0.275859805962724,"Mammalia","Arctocephalus_australis","pelagic",2,"marine","Arctocephalus_australis"
"32",-0.0940772885626651,1.71842781747493,0.189094317438749,-0.843370815365136,-0.849747539043811,0.0186837820451771,"Mammalia","Hippocamelus_bisulcus","terrestrial",3,"terrestrial","Hippocamelus_bisulcus"
"33",-1.18646854873224,1.78409000071506,0.512256264498826,-0.644724863599028,-0.181235814707041,-0.0256911986078839,"Mammalia","Hippocamelus_bisulcus","terrestrial",3,"terrestrial","Hippocamelus_bisulcus"
"34",-1.50841764009526,1.19355699023989,0.276754800649123,0.0500189781095724,-0.39862482347528,-0.0475302118392029,"Mammalia","Hippocamelus_bisulcus","terrestrial",3,"terrestrial","Hippocamelus_bisulcus"
"35",-1.22149722077957,-0.262886992585374,-0.102105420503715,-0.159264375234074,-0.0284819356350104,-0.047319629048472,"Mammalia","Lontra_canadensis","semiaquatic",4,"marine","Lontra_canadensis"
"36",-1.53540669373709,-0.143660528202144,0.490502787403646,-0.119539871819383,0.0565992598012894,-0.22764642552289,"Mammalia","Marmota_flaviventris","semifossorial",1,"terrestrial","Marmota_flaviventris"
"37",-1.14256275372874,-1.42914712201091,1.19100356582653,0.0107442215844212,-0.0392039604312884,-0.178051764541465,"Mammalia","Marmota_flaviventris","semifossorial",1,"terrestrial","Marmota_flaviventris"
"38",-1.35810494851871,-1.49099133990002,0.90010419836239,0.0661092694665379,0.257504016393469,-0.0290052249407508,"Mammalia","Marmota_flaviventris","semifossorial",1,"terrestrial","Marmota_flaviventris"
"39",-1.45776602241702,-0.718067020981087,0.50273088278277,-0.106565105575811,0.265502322895125,-0.128899014212881,"Mammalia","Marmota_flaviventris","semifossorial",1,"terrestrial","Marmota_flaviventris"
"40",-1.02532286766948,-1.43052098241244,1.16611800627525,-0.0225654546255296,-0.0888534734123036,-0.142263286396467,"Mammalia","Marmota_flaviventris","semifossorial",1,"terrestrial","Marmota_flaviventris"
"41",-1.16229833257621,-1.34089619378487,1.29293435300207,0.0405456694549558,-0.124021398578233,-0.184403867103427,"Mammalia","Marmota_flaviventris","semifossorial",1,"terrestrial","Marmota_flaviventris"
"42",-1.71815014974433,-0.37277897159622,0.0531866504741266,-0.165925202465266,0.580844677628089,-0.0194091338482657,"Mammalia","Marmota_flaviventris","semifossorial",1,"terrestrial","Marmota_flaviventris"
"43",-1.84016285425062,-0.331534712346131,0.0291278181660986,-0.000226566405411674,0.440885474284828,-0.124225891906384,"Mammalia","Marmota_flaviventris","semifossorial",1,"terrestrial","Marmota_flaviventris"
"44",-1.53227132642537,0.144075041690717,0.363513448637776,-0.100199174338176,0.0700921036326412,-0.218100224700103,"Mammalia","Marmota_flaviventris","semifossorial",1,"terrestrial","Marmota_flaviventris"
"45",-0.718095176573157,-0.972729333438394,0.222589898549669,-0.22093604725911,0.111013376161215,0.0891058882876952,"Mammalia","Marmota_flaviventris","semifossorial",1,"terrestrial","Marmota_flaviventris"
"46",-1.18125390996645,-1.03532984668859,0.309781311653907,-0.0499069784046779,0.338181783926041,0.0588467235926969,"Mammalia","Marmota_flaviventris","semifossorial",1,"terrestrial","Marmota_flaviventris"
"47",-1.26614950254656,-0.528076407265184,0.441296883288355,-0.190276593953871,0.279567750687183,-0.0547411334909092,"Mammalia","Marmota_flaviventris","semifossorial",1,"terrestrial","Marmota_flaviventris"
"48",-0.887191862814003,-0.641301589510078,-0.419201838058038,-0.186275128883234,0.211398531613081,0.0308707826371316,"Mammalia","Marmota_flaviventris","semifossorial",1,"terrestrial","Marmota_flaviventris"
"49",-1.07722423898104,-0.550393030310525,-0.0230570718694769,-0.0775170200370171,0.107845725428552,-0.00469356227339646,"Mammalia","Marmota_flaviventris","semifossorial",1,"terrestrial","Marmota_flaviventris"
"50",-0.972706204039701,-0.95613033176448,1.06454368360734,-0.513138010410662,0.523301302130504,0.164608458212544,"Mammalia","Marmota_flaviventris","semifossorial",1,"terrestrial","Marmota_flaviventris"
"51",-1.83023775653968,0.264047515069722,0.0465750284435539,-0.10988527334608,0.405154846757917,-0.172744018998842,"Mammalia","Marmota_flaviventris","semifossorial",1,"terrestrial","Marmota_flaviventris"
"52",-1.00589140643939,-0.753276335636724,1.02143024816828,-0.735706933985333,0.157090900449363,0.305982878283571,"Mammalia","Mustela_erminea","semifossorial",1,"terrestrial","Mustela_erminea"
"53",-1.22118556771816,0.137320391753717,-0.101596096304943,-0.618081653269824,0.000119213416215586,0.0900504740420926,"Mammalia","Mustela_erminea","semifossorial",1,"terrestrial","Mustela_erminea"
"54",0.380187627870685,1.8096056116932,0.44597951040699,-0.190519666046498,0.197603918201088,-0.0848145517956446,"Aves","Pernis_apivorus","volant",5,"terrestrial","Pernis_apivorus"
"55",0.247927900078635,1.54076219168506,0.338649812190428,0.127054309735057,0.0934625293830184,-0.0703042895238386,"Aves","Pernis_apivorus","volant",5,"terrestrial","Pernis_apivorus"
"56",-1.11101655540824,-1.397231423178,0.561699889903429,0.00343729296358361,0.132916215968235,-0.0973022648425707,"Mammalia","Phacochoerus_aethiopicus","terrestrial",3,"terrestrial","Phacochoerus_aethiopicus"
"57",-0.248744846181134,1.22082840448565,0.484266156969044,-1.33284522042776,-0.266869565507958,0.129685038538484,"Mammalia","Physeter_macrocephalus","pelagic",2,"marine","Physeter_macrocephalus"
"58",-1.97545562916629,-0.143647038616871,-0.300245358226332,0.577792627808114,-0.44069555075118,-0.185848705891983,"Mammalia","Lycalopex_culpaeus","terrestrial",3,"terrestrial","Lycalopex_culpaeus"
"59",-2.08659813648445,-0.0351882464555994,-0.563611993486639,0.266971755936788,-0.253936381536796,0.54283579262755,"Mammalia","Urocitellus_armatus","semifossorial",1,"terrestrial","Urocitellus_armatus"
"60",-1.68826274190812,-0.378257054610442,-0.223492388209452,-0.165434090723721,-0.174230596911597,0.201422402691012,"Mammalia","Urocitellus_armatus","semifossorial",1,"terrestrial","Urocitellus_armatus"
"61",-1.86598758945781,-0.243255103886932,-0.178712495732858,0.0113296476658483,-0.252574341318809,0.297854499612069,"Mammalia","Urocitellus_armatus","semifossorial",1,"terrestrial","Urocitellus_armatus"
"62",-0.954129354828686,0.840764785625358,0.116114126629838,0.435813523457547,0.575105779503967,-0.109827770828558,"Mammalia","Urocitellus_columbianus","semifossorial",1,"terrestrial","Urocitellus_columbianus"
"63",-0.335412529131459,1.05217088827497,0.387382714991923,-0.0507062160156553,0.399172788825885,-0.147656652837168,"Mammalia","Urocitellus_columbianus","semifossorial",1,"terrestrial","Urocitellus_columbianus"
"64",5.00400772287656,-2.58115245499257,-2.22049013925418,0.454822536259589,0.82190137861708,0.252237090550133,"Reptilia","Kinosternon_flavescens","semiaquatic",4,"marine","Kinosternon_flavescens"
"65",1.79500833767131,-0.632874114175857,1.01430071280241,0.325194809762575,0.584896439014224,-0.0213116071284827,"Reptilia","Kinosternon_integrum","semiaquatic",4,"marine","Kinosternon_integrum"
"66",2.34931600189797,0.769840186445675,0.844005701595725,0.752953291113321,-0.629678108976948,1.35223030921248,"Reptilia","Kinosternon_integrum","semiaquatic",4,"marine","Kinosternon_integrum"
"67",1.29261771929591,0.273851052541274,-0.14385137924069,0.444982462782479,0.63623773208388,0.0553576553501294,"Reptilia","Vipera_aspis","terrestrial",3,"terrestrial","Vipera_aspis"
"68",0.148822780981102,-0.399539088866504,0.169357747726415,1.52283532554076,-0.0652521627670517,-0.146350319375652,"Actinopterygii","Ammocrypta_pellucida","benthic",6,"marine","Ammocrypta_pellucida"
"69",-0.038316974597993,-0.358937907318601,-0.0858577658196552,1.44261756577917,0.380863879568085,0.159327365902606,"Actinopterygii","Astroblepus_ubidiai","benthic",6,"marine","Astroblepus_ubidiai"
"70",0.0880551793398657,0.535716796944342,-0.367960626085865,0.420138717474163,0.402393003689067,-0.0615300047218682,"Actinopterygii","Genypterus_blacodes","benthic",6,"marine","Genypterus_blacodes"
"71",-1.2460167381682,1.35793957108194,-0.423477797984741,0.935013778634326,0.814086939747423,0.325661696273923,"Actinopterygii","Genypterus_blacodes","benthic",6,"marine","Genypterus_blacodes"
"72",-1.93816805822622,0.295629092199033,-0.762763107086611,1.41188495929242,0.16089663289765,0.485341909232488,"Actinopterygii","Oncorhynchus_tshawytscha","pelagic",2,"marine","Oncorhynchus_tshawytscha"
"73",-1.9748917161832,0.508175381283851,-0.840391982152537,1.67882806263325,0.660484853703164,0.598619056878251,"Actinopterygii","Oncorhynchus_tshawytscha","pelagic",2,"marine","Oncorhynchus_tshawytscha"
"74",-1.89284117320957,0.152336557731467,-0.603298891531311,1.38973202138414,0.160551046220694,0.459535677184035,"Actinopterygii","Oncorhynchus_tshawytscha","pelagic",2,"marine","Oncorhynchus_tshawytscha"
"75",0.243869602726909,-0.087459875613259,-0.328209900124026,1.11924383057856,0.248777575884374,0.0521678827007843,"Actinopterygii","Stellifer_illecebrosus","benthic",6,"marine","Stellifer_illecebrosus"
"76",0.142116345822045,0.395151946141869,0.0846588090855036,0.710819191694279,0.0827244774543465,-0.391456442185805,"Actinopterygii","Zingel_asper","benthic",6,"marine","Zingel_asper"
"77",0.105811711444583,0.0339857086699313,-0.0968367570216646,1.16876780611206,-0.19146497637409,-0.301858854285329,"Actinopterygii","Zingel_asper","benthic",6,"marine","Zingel_asper"
"78",0.184556460564611,1.09909216347813,0.306801752879246,-0.0434326371010967,0.520188051511869,-0.538257831973047,"Actinopterygii","Zingel_asper","benthic",6,"marine","Zingel_asper"
"79",3.60511483837139,0.107811246555966,1.31075559349174,-1.01776551582011,0.651193375736425,0.122635380515317,"Anthozoa","Paramuricea_clavata","sessile",8,"marine","Paramuricea_clavata"
"80",2.82865087887585,1.15070163521658,2.41584070858441,-1.39824818479466,0.963769213763238,0.0707482125658579,"Anthozoa","Paramuricea_clavata","sessile",8,"marine","Paramuricea_clavata"
"81",2.71644182220117,0.605491935764952,1.73835754025519,-1.13214939253739,0.731614789403211,0.134549635504714,"Anthozoa","Paramuricea_clavata","sessile",8,"marine","Paramuricea_clavata"
"82",3.52270944756606,-0.264375399895289,1.11812604857529,-0.945701490878795,0.305255969038075,0.282412562266321,"Anthozoa","Paramuricea_clavata","sessile",8,"marine","Paramuricea_clavata"
"83",3.62508611290288,0.092595016743797,1.33781063770625,-1.0179007724537,0.636517601126624,0.114772717789662,"Anthozoa","Paramuricea_clavata","sessile",8,"marine","Paramuricea_clavata"
"84",3.79705442441922,-0.673982304751271,0.498447859484635,-1.08121670135243,0.139600454368414,0.371140054572244,"Anthozoa","Paramuricea_clavata","sessile",8,"marine","Paramuricea_clavata"
"85",1.69110766526879,0.835990049500045,0.831036381254038,0.722081056250612,-0.165511541400363,-0.267067487962593,"Aves","Amazona_vittata","volant",5,"terrestrial","Amazona_vittata"
"86",-0.105630492749868,0.0840347087052793,0.0864068728220729,0.449302264570546,0.145155210953023,-0.371845771118813,"Aves","Ammodramus_savannarum","volant",5,"terrestrial","Ammodramus_savannarum"
"87",-0.128857729457933,0.0347545787688229,0.066724621893107,0.507606408866004,0.125698110396746,-0.367448884380054,"Aves","Ammodramus_savannarum","volant",5,"terrestrial","Ammodramus_savannarum"
"88",-0.463741693564739,0.590698124731274,-0.0284283079655296,0.313648617424593,-1.03206775851454,-0.30850173644315,"Aves","Anas_laysanensis","volant",5,"marine","Anas_laysanensis"
"89",-0.664637977490218,0.394399561558755,-0.128883463459904,0.702640933417024,-0.447701221605829,-0.146400241029067,"Aves","Anser_anser","volant",5,"terrestrial","Anser_anser"
"90",-0.331117162308745,0.344762513758786,-0.265101497110483,0.720754304790438,-0.754777079408411,-0.20786830559432,"Aves","Anser_anser","volant",5,"terrestrial","Anser_anser"
"91",-0.905475266501014,0.474102292668178,-0.1148072322482,0.662289743913931,-0.195194822841476,-0.108855937904133,"Aves","Anser_anser","volant",5,"terrestrial","Anser_anser"
"92",-0.741203496126625,0.335329493102381,0.107497723624497,-0.0342573296772193,-0.59987711976488,0.00613741983537034,"Aves","Chen_caerulescens","volant",5,"terrestrial","Chen_caerulescens"
"93",1.64594008755214,-0.499578238974229,-1.57351754446407,0.678867026964522,-0.758865917919456,-0.464227421213256,"Aves","Anthropoides_paradiseus","volant",5,"terrestrial","Anthropoides_paradiseus"
"94",-1.91705009626183,0.386206858265694,-0.0177281224422793,-0.639674757696888,0.0032778621376835,0.0109512979430091,"Aves","Bonasa_umbellus","volant",5,"terrestrial","Bonasa_umbellus"
"95",-1.99620246719765,0.229326775065547,0.320493312610223,-0.645728916524832,0.0815505538953779,0.0282693731561352,"Aves","Bonasa_umbellus","volant",5,"terrestrial","Bonasa_umbellus"
"96",-2.03018629454945,0.369308003154462,0.210489257991898,-0.555536492965289,-0.0432779772950239,0.000581339596889233,"Aves","Bonasa_umbellus","volant",5,"terrestrial","Bonasa_umbellus"
"97",-1.77370108023614,0.570004933586616,0.233908373100913,-0.929124259898799,0.0304433662157122,-0.0923783517640141,"Aves","Bonasa_umbellus","volant",5,"terrestrial","Bonasa_umbellus"
"98",-1.70557934462957,0.207164276958967,-0.164431377142326,-0.390792956224644,-0.344419092570488,0.100378176905268,"Aves","Bonasa_umbellus","volant",5,"terrestrial","Bonasa_umbellus"
"99",-1.58565631940287,0.961472142930707,0.431859023118069,-1.45903952939844,0.233609196400934,-0.173135005306307,"Aves","Bonasa_umbellus","volant",5,"terrestrial","Bonasa_umbellus"
"100",-1.90108846647178,0.898478974216456,0.159077915082277,-1.15411505427706,0.258737683241793,-0.174149776497233,"Aves","Bonasa_umbellus","volant",5,"terrestrial","Bonasa_umbellus"
"101",-2.00857341732894,-0.0833505945672866,-0.0396915754337194,-0.12393903531495,-0.192923181429391,0.310405061688714,"Aves","Bonasa_umbellus","volant",5,"terrestrial","Bonasa_umbellus"
"102",-0.224480476327145,0.49460682797598,0.315497075927803,-0.0256993810515889,0.153140236200003,-0.000683203629587903,"Aves","Bostrychia_hagedash","volant",5,"terrestrial","Bostrychia_hagedash"
"103",2.05368185149181,0.0430752998047616,-0.833742776420842,-0.620377540565369,0.380898097560681,-0.124492671356665,"Aves","Buteo_solitarius","volant",5,"terrestrial","Buteo_solitarius"
"104",1.75769495918814,1.68486865885844,-0.000890365481168831,-0.294315427521474,-0.686292146357218,-0.135869051376935,"Aves","Buteo_solitarius","volant",5,"terrestrial","Buteo_solitarius"
"105",1.95828993344805,2.01045571288914,0.1287642889676,-0.675280174310913,-0.574784643255458,-0.0843706018050435,"Aves","Buteo_solitarius","volant",5,"terrestrial","Buteo_solitarius"
"106",2.68416462358967,0.282116300901238,-1.27826834776077,-0.848751513020712,-0.0176893577441307,-0.313750580131943,"Aves","Buteo_solitarius","volant",5,"terrestrial","Buteo_solitarius"
"107",0.235640217030808,1.61855243414145,0.447956379144155,-1.88671477243509,-0.213855633661392,-0.140291662614126,"Aves","Calidris_temminckii","volant",5,"terrestrial","Calidris_temminckii"
"108",-0.186027457511998,0.804980030617705,0.072886377931322,-0.881551328675747,-0.541059418838608,-0.0748834514635554,"Aves","Calidris_temminckii","volant",5,"terrestrial","Calidris_temminckii"
"109",1.45971642843127,0.892931026659991,-0.383013557907995,-0.528810404923146,-0.423508503152627,-0.226411425949582,"Aves","Calyptorhynchus_lathami","volant",5,"terrestrial","Calyptorhynchus_lathami"
"110",1.95452676370565,0.952504794561608,-0.484406971151626,-0.0675596731527784,-0.0353474791219047,-0.132820730402115,"Aves","Calyptorhynchus_lathami","volant",5,"terrestrial","Calyptorhynchus_lathami"
"111",-1.34872200454823,0.909913685680953,-0.113383826136514,0.171669427655159,0.799763588882644,-0.18715377767264,"Aves","Centrocercus_minimus","volant",5,"terrestrial","Centrocercus_minimus"
"112",-0.710090442834685,0.410750861624341,-0.094284498315203,0.00646708519011645,0.652124104903169,-0.0992466961573142,"Aves","Centrocercus_minimus","volant",5,"terrestrial","Centrocercus_minimus"
"113",-0.723117202796145,-0.763859449798407,-0.73649039629495,0.355250218233779,-0.490226281582821,-0.376263741694948,"Aves","Ciconia_ciconia","volant",5,"terrestrial","Ciconia_ciconia"
"114",-0.245383489393194,-0.176699396302085,-0.196952126604435,0.0309909779235472,-0.341732291235611,0.642757369544449,"Aves","Setophaga_cerulea","volant",5,"terrestrial","Setophaga_cerulea"
"115",4.20997370622897,0.241848424596969,-0.00199534431641601,-1.52244651397614,1.01649761080884,0.280434149120936,"Aves","Thalassarche_melanophris","volant",5,"marine","Thalassarche_melanophris"
"116",-0.36072035215447,-0.362787890155776,-0.263135962305325,0.544135087536461,-0.215272743745191,-0.348055919236396,"Aves","Falco_naumanni","volant",5,"terrestrial","Falco_naumanni"
"117",0.981032554709641,-0.899947196159728,-0.786280371299079,-0.900865661286484,0.0334109698535349,0.0426901149078122,"Aves","Falco_peregrinus","volant",5,"terrestrial","Falco_peregrinus"
"118",0.160793578720203,0.228516818311984,-0.360708082905285,0.157017390249085,0.0501334043371702,-0.194022896536079,"Aves","Falco_peregrinus","volant",5,"terrestrial","Falco_peregrinus"
"119",0.916829908900695,0.932789536623119,0.81876696735601,-0.480963089794226,0.430538489030074,0.183791934331543,"Aves","Forpus_passerinus","volant",5,"terrestrial","Forpus_passerinus"
"120",2.18801121216584,2.78793097362288,0.52937505269374,-0.178205161661629,0.274485666476071,0.141296944158516,"Aves","Fulmarus_glacialis","volant",5,"marine","Fulmarus_glacialis"
"121",0.25790463716502,-1.47008475583261,-1.19684279488257,-1.97037968186917,0.216578371519007,0.775725115468235,"Aves","Gavia_immer","volant",5,"marine","Gavia_immer"
"122",0.202279048596884,-1.57488305621003,-1.24487792910448,-1.87778009111967,0.212003659530879,0.764034767899773,"Aves","Gavia_immer","volant",5,"marine","Gavia_immer"
"123",0.328358934069107,-1.34166902642052,-1.13931815169422,-2.09067547090396,0.229400260643816,0.792058827717874,"Aves","Gavia_immer","volant",5,"marine","Gavia_immer"
"124",0.495094522432383,0.755571522014926,-0.418103356138963,0.00200946122921501,-0.340931279758218,-0.0802074590710062,"Aves","Gyps_coprotheres","volant",5,"terrestrial","Gyps_coprotheres"
"125",0.496850327737434,0.542825979469757,-0.108880037423619,-0.00660381744443148,0.355158199593339,0.279635268002153,"Aves","Haliaeetus_albicilla","volant",5,"terrestrial","Haliaeetus_albicilla"
"126",0.356353641509604,-0.148812094734627,-0.421142403871541,0.556724389107437,0.210951771482216,0.311299354244832,"Aves","Haliaeetus_albicilla","volant",5,"terrestrial","Haliaeetus_albicilla"
"127",0.353789278832832,0.595614739167083,-0.0171498759967763,-0.110802327348686,0.553389832995299,-0.161847167815347,"Aves","Himantopus_novaezelandiae","volant",5,"marine","Himantopus_novaezelandiae"
"128",-1.69358593670945,-0.309083610611793,0.0940703787482247,-0.0793052966356894,-0.216520551497598,0.572613068102125,"Aves","Lagopus_leucura","volant",5,"terrestrial","Lagopus_leucura"
"129",-1.73460370504798,-0.185291181142111,-0.175094452519196,-0.0935227431086585,-0.17635275685212,0.510558411436473,"Aves","Lagopus_leucura","volant",5,"terrestrial","Lagopus_leucura"
"130",-1.59933109081079,-0.250380545274161,-0.116812679909604,-0.332165959587103,-0.246788388633228,0.260962103654275,"Aves","Lagopus_muta","volant",5,"terrestrial","Lagopus_muta"
"131",-1.51306808513342,-0.116041697909515,-0.0920699636275561,-0.656543894492558,-0.00637539175697794,0.254392268286175,"Aves","Lagopus_muta","volant",5,"terrestrial","Lagopus_muta"
"132",-1.80309196754069,0.00634205318848036,-0.390761065670007,-0.0153286182685456,-0.67377708824767,0.200675012123555,"Aves","Lagopus_muta","volant",5,"terrestrial","Lagopus_muta"
"133",-0.690127521091744,-1.35199475618957,-0.326533981337997,-0.748394516064032,-0.387565220380462,0.511788880279043,"Aves","Milvus_migrans","volant",5,"terrestrial","Milvus_migrans"
"134",-0.985608769220029,-0.359816955859397,0.125665037399376,-0.040121736264451,-0.0683819340531379,0.375151089218456,"Aves","Passer_domesticus","volant",5,"terrestrial","Passer_domesticus"
"135",0.30406956083182,1.65539493354606,0.38441641621843,-0.00837952176294296,0.137959032796903,-0.0769234487145012,"Aves","Pernis_apivorus","volant",5,"terrestrial","Pernis_apivorus"
"136",0.840200080914028,-0.386524299687441,-0.825918979572873,0.131151258059905,0.341064117934049,-0.109176516645035,"Aves","Phalacrocorax_auritus","volant",5,"marine","Phalacrocorax_auritus"
"137",2.43702983586962,0.414113356484616,-0.995655114002376,0.0573767291192257,0.674840113262294,0.0625917075825012,"Aves","Phoebastria_immutabilis","volant",5,"marine","Phoebastria_immutabilis"
"138",1.56547544248886,-0.950999573878595,1.59852124603097,0.129513013333654,-0.456655124408705,-0.421857714271472,"Aves","Sternula_antillarum","volant",5,"marine","Sternula_antillarum"
"139",1.24583419327334,-1.6997659402214,-1.64693861459801,-1.28544468714128,-0.336297412358804,0.341617054180463,"Aves","Sterna_hirundo","volant",5,"marine","Sterna_hirundo"
"140",2.29619701186841,-0.876022136456038,-1.0288659718983,-1.17209368035287,-0.144150126346658,0.0350420247477223,"Aves","Sterna_hirundo","volant",5,"marine","Sterna_hirundo"
"141",-0.304491895489982,0.711652750256664,0.172928705288329,-0.179885318879181,-0.49258072414587,-0.1905340521053,"Aves","Strix_occidentalis","volant",5,"terrestrial","Strix_occidentalis"
"142",-0.845931415383297,-0.00192805711594632,0.63817875322727,0.329392246851625,0.268552812533978,-0.286246541025303,"Aves","Turdus_torquatus","volant",5,"terrestrial","Turdus_torquatus"
"143",-0.81505810150886,-0.0523797118594504,0.395314234198165,0.393827185319685,0.246562544641068,-0.278766680738297,"Aves","Turdus_torquatus","volant",5,"terrestrial","Turdus_torquatus"
"144",-0.844083452872973,0.0330310082620769,0.944923203791479,0.236460989586031,0.286102039431649,-0.292125109931259,"Aves","Turdus_torquatus","volant",5,"terrestrial","Turdus_torquatus"
"145",-0.560239488809449,0.162717418728125,0.211244903449269,-0.347384507536046,-0.0472822984975187,0.116183163046196,"Aves","Vermivora_chrysoptera","volant",5,"terrestrial","Vermivora_chrysoptera"
"146",1.90301061218328,-2.80555291501695,-2.07034535177542,0.590621073611069,-0.850659371332226,-0.457590564473812,"Bivalvia","Mya_arenaria","sessile",8,"marine","Mya_arenaria"
"147",2.09647258036387,-0.532372505150981,1.07684363681327,-1.09828544752695,0.311962637058186,0.17304591903537,"Bivalvia","Nuttallia_obscurata","sessile",8,"marine","Nuttallia_obscurata"
"148",-0.0753721521750571,1.73134963011831,0.655763353723481,-2.17831910754549,-0.337177607387759,-0.0188618430910466,"Demospongiae","Amphimedon_compressa","sessile",8,"marine","Amphimedon_compressa"
"149",0.263135759439302,0.276207222366303,1.16207195084663,1.00490237573695,0.421844526521689,0.191553837700273,"Elasmobranchii","Isurus_oxyrinchus","pelagic",2,"marine","Isurus_oxyrinchus"
"150",0.323437732788577,0.36512910684546,1.15376396762282,0.874356172166449,0.473373705196381,0.208329218766485,"Elasmobranchii","Isurus_oxyrinchus","pelagic",2,"marine","Isurus_oxyrinchus"
"151",3.08316966142734,-2.55319436257568,-2.03514843389505,0.5799792745129,-0.303251940597867,-0.515041189829903,"Gastropoda","Haliotis_laevigata","sessile",8,"marine","Haliotis_laevigata"
"152",1.55201664665575,0.0406188819336499,-0.0913133761694185,0.212271907504385,-0.329774789531235,-0.206113811054689,"Gastropoda","Umbonium_costatum","sessile",8,"marine","Umbonium_costatum"
"153",-1.01277720024709,-0.705627355496039,-0.515500856544202,0.0667524367304759,-0.538199800474656,-0.139146994938928,"Mammalia","Alces_alces","terrestrial",3,"terrestrial","Alces_alces"
"154",-0.43409251868567,-1.63350886313613,-1.09551682372919,-0.0843786514643739,-0.373688105486779,-0.220036206519753,"Mammalia","Alces_alces","terrestrial",3,"terrestrial","Alces_alces"
"155",-2.23177722474351,-0.672216498478748,1.121529064707,-0.247022020178154,-0.77531507028006,-0.351391487836473,"Mammalia","Alces_alces","terrestrial",3,"terrestrial","Alces_alces"
"156",-2.65872059124643,-0.394740990626331,-0.315906101597083,0.0608375226880475,-0.260825023853747,0.119720584018382,"Mammalia","Alces_alces","terrestrial",3,"terrestrial","Alces_alces"
"157",-1.58070500984839,-1.96599825148957,1.89333588637954,0.546925427283961,-1.04971899090587,-0.411329710253778,"Mammalia","Canis_lupus","terrestrial",3,"terrestrial","Canis_lupus"
"158",2.47500934466646,2.02284715691252,-0.0459188645757161,-0.281024704821261,-0.541080137832797,0.114375164048144,"Mammalia","Cebus_capucinus","arboreal",7,"terrestrial","Cebus_capucinus"
"159",1.39862341901345,2.26145140432866,0.343757502713761,0.327347102853109,-0.385715944405577,0.15649704033989,"Mammalia","Cercopithecus_mitis","arboreal",7,"terrestrial","Cercopithecus_mitis"
"160",-1.27370696628794,-0.212847875362298,1.78225901060289,0.00595878894112883,-0.961088303014408,-0.261871587914781,"Mammalia","Cervus_elaphus","terrestrial",3,"terrestrial","Cervus_elaphus"
"161",-1.1735188796336,-1.83829585041337,-0.723893740535775,-0.313285410383236,-0.276691434266407,0.16598059307156,"Mammalia","Cervus_elaphus","terrestrial",3,"terrestrial","Cervus_elaphus"
"162",-1.02767484598831,-1.84682835796315,-0.841517063320489,-0.382219147050262,-0.321252854718041,0.111263181641237,"Mammalia","Cervus_elaphus","terrestrial",3,"terrestrial","Cervus_elaphus"
"163",-1.27171881378097,-1.17030960574406,-0.676532079622035,-0.385461796426319,-0.484790251940699,-0.0145520504291357,"Mammalia","Cervus_elaphus","terrestrial",3,"terrestrial","Cervus_elaphus"
"164",0.225921745685814,-0.298769694279157,-0.760660981422019,0.0577630405976966,-0.371595174308332,-0.339979760468509,"Mammalia","Eidolon_helvum","volant",5,"terrestrial","Eidolon_helvum"
"165",0.678994240064791,1.16131265665495,0.0972161317659471,0.887259907619166,-0.36690950594266,0.300214678134234,"Mammalia","Elephas_maximus","terrestrial",3,"terrestrial","Elephas_maximus"
"166",1.57260324101477,2.53314039627039,0.189357651511067,0.0331333226309048,-0.792079433609418,0.232129603353264,"Mammalia","Gorilla_beringei","terrestrial",3,"terrestrial","Gorilla_beringei"
"167",0.770347797794031,1.33531185660248,-0.0624279457822419,0.29737844498516,-1.24435416454401,-0.0777489715841828,"Mammalia","Macaca_mulatta","arboreal",7,"terrestrial","Macaca_mulatta"
"168",0.560364327040003,1.32843465619018,-0.0112494620693817,0.312059792042956,-1.06642538395906,-0.0628379651361638,"Mammalia","Macaca_mulatta","arboreal",7,"terrestrial","Macaca_mulatta"
"169",1.034081474907,1.34867954614999,-0.15958443505064,0.275243542952571,-1.46246439874631,-0.108707597719258,"Mammalia","Macaca_mulatta","arboreal",7,"terrestrial","Macaca_mulatta"
"170",-0.165818297658554,0.70235058442434,0.0911024763119006,-0.149129240341893,-0.366942691148368,0.037555865565351,"Mammalia","Macaca_mulatta","arboreal",7,"terrestrial","Macaca_mulatta"
"171",0.562040099910612,1.29807192052219,-0.0195120869646552,0.278803400240187,-1.00729404425996,-0.0511770538980281,"Mammalia","Macaca_mulatta","arboreal",7,"terrestrial","Macaca_mulatta"
"172",-2.10919364031713,0.264923722570784,-0.129958622840042,-0.74248149661882,-0.422779635915813,0.0340369574061721,"Mammalia","Macropus_eugenii","terrestrial",3,"terrestrial","Macropus_eugenii"
"173",-2.0633625536398,0.115032211633142,-0.171589251943548,-0.595247216644499,-0.550923345805086,0.070776007508614,"Mammalia","Macropus_eugenii","terrestrial",3,"terrestrial","Macropus_eugenii"
"174",-2.0174204272244,0.411591627137893,-0.0617800741103215,-0.974367054457907,-0.322579524161659,0.0100387497443155,"Mammalia","Macropus_eugenii","terrestrial",3,"terrestrial","Macropus_eugenii"
"175",-2.21072915042968,0.270815071984065,-0.108817176240114,-0.694312976643625,-0.397312076162292,0.0224032140961593,"Mammalia","Macropus_eugenii","terrestrial",3,"terrestrial","Macropus_eugenii"
"176",-1.38671342581348,-1.00238947951525,0.778965158733168,-0.00801112106846033,0.143391309297314,-0.123189316914909,"Mammalia","Marmota_flaviventris","semifossorial",1,"terrestrial","Marmota_flaviventris"
"177",-1.22357417009987,-0.600990327429063,0.381605283155345,-0.125644683888044,0.220919415604198,-0.0248963513185998,"Mammalia","Marmota_flaviventris","semifossorial",1,"terrestrial","Marmota_flaviventris"
"178",-1.564007327722,0.753590531370105,-0.097772640712819,0.462780017820319,0.333377517893807,0.239383986685164,"Mammalia","Mirounga_leonina","pelagic",2,"marine","Mirounga_leonina"
"179",-1.05963984249075,-0.705834021543433,-0.110269009598012,0.15914874887941,-0.368218560608317,0.924815303106474,"Mammalia","Mustela_erminea","semifossorial",1,"terrestrial","Mustela_erminea"
"180",-1.52219475107027,-0.924875848815983,0.180726684625575,-0.418057329161516,0.1047163386409,0.124019832449313,"Mammalia","Odocoileus_virginianus","terrestrial",3,"terrestrial","Odocoileus_virginianus"
"181",-1.10909971965501,-1.06180729483608,-0.54071030175885,-0.446753712124595,-0.0538887937441705,0.0258327661907723,"Mammalia","Odocoileus_virginianus","terrestrial",3,"terrestrial","Odocoileus_virginianus"
"182",-0.753908756416332,-1.26283069865451,-1.00032137876087,-0.458555109701622,-0.229287103976228,-0.113343604101245,"Mammalia","Odocoileus_virginianus","terrestrial",3,"terrestrial","Odocoileus_virginianus"
"183",-0.926451251162813,-1.10735673871104,-0.208673443935103,-0.580813699144295,-0.0869794187493276,0.119973395421497,"Mammalia","Odocoileus_virginianus","terrestrial",3,"terrestrial","Odocoileus_virginianus"
"184",-0.844009892068733,-1.17294909584888,-0.624647359891874,-0.525276602074096,-0.139155751249481,0.0260246011153893,"Mammalia","Odocoileus_virginianus","terrestrial",3,"terrestrial","Odocoileus_virginianus"
"185",-0.684396918864161,-1.32875601931663,-0.976501433318984,-0.496846164998252,-0.214175040362346,-0.087322293333189,"Mammalia","Odocoileus_virginianus","terrestrial",3,"terrestrial","Odocoileus_virginianus"
"186",-1.03102315972926,-1.0152000745928,-0.464534938417637,-0.54981014271767,-0.0330040869963733,0.0507248461043096,"Mammalia","Odocoileus_virginianus","terrestrial",3,"terrestrial","Odocoileus_virginianus"
"187",-1.09433573671956,-0.98715653171015,-0.796332948121161,-0.397551889203632,-0.145527680932972,-0.0889461919001073,"Mammalia","Odocoileus_virginianus","terrestrial",3,"terrestrial","Odocoileus_virginianus"
"188",-1.06122974338701,-1.02198009641547,-0.927192749922865,-0.261038514056304,-0.327800417067502,-0.172015253339721,"Mammalia","Odocoileus_virginianus","terrestrial",3,"terrestrial","Odocoileus_virginianus"
"189",-1.03102315972926,-1.0152000745928,-0.464534938417637,-0.54981014271767,-0.0330040869963733,0.0507248461043096,"Mammalia","Odocoileus_virginianus","terrestrial",3,"terrestrial","Odocoileus_virginianus"
"190",-0.805129741168305,-1.10906663538032,-0.936891119264918,-0.492991082758963,-0.221828978462758,-0.106776580397609,"Mammalia","Odocoileus_virginianus","terrestrial",3,"terrestrial","Odocoileus_virginianus"
"191",-0.263664567721196,-1.32370741049318,-1.53728370820371,-0.548170839871685,-0.489900004013838,-0.268303614679925,"Mammalia","Odocoileus_virginianus","terrestrial",3,"terrestrial","Odocoileus_virginianus"
"192",-0.658445142624832,0.199975944433554,-0.227921907367939,1.0422214517321,-0.0813858207408661,0.00435424623641537,"Mammalia","Onychogalea_fraenata","terrestrial",3,"terrestrial","Onychogalea_fraenata"
"193",-0.787967150363175,0.115938510113654,-0.0637883959774788,-0.622692487782276,0.28766677346137,0.0919100817656753,"Mammalia","Ovis_canadensis","terrestrial",3,"terrestrial","Ovis_canadensis"
"194",-0.558568200818155,0.21754289872923,-0.108415780844888,-0.847448011276437,0.302405175201874,0.0817213445847269,"Mammalia","Ovis_canadensis","terrestrial",3,"terrestrial","Ovis_canadensis"
"195",-0.694415206516967,0.417215431350836,0.209720099531376,-1.01521157296525,0.45785310466146,0.0626873101055018,"Mammalia","Ovis_canadensis","terrestrial",3,"terrestrial","Ovis_canadensis"
"196",-0.149431868362815,0.0325958559986008,-0.494671764959856,-0.847801957209786,0.0883872442234089,0.0695821698281979,"Mammalia","Ovis_canadensis","terrestrial",3,"terrestrial","Ovis_canadensis"
"197",-0.171946870248593,-0.00749392936592663,-0.511201791721169,-0.800196764737241,0.0736524276292917,0.0676049758281167,"Mammalia","Ovis_canadensis","terrestrial",3,"terrestrial","Ovis_canadensis"
"198",-1.31400685671132,0.013489050542269,0.40812658955448,-0.444452381425925,0.489159157304484,0.0592712838456551,"Mammalia","Ovis_canadensis","terrestrial",3,"terrestrial","Ovis_canadensis"
"199",-1.02879281259169,-0.0973933800702756,-0.0447384893109371,-0.38236724382025,0.315852394956543,0.0870353039932772,"Mammalia","Ovis_canadensis","terrestrial",3,"terrestrial","Ovis_canadensis"
"200",-0.697060366399308,0.392934705785494,0.212660954703436,-0.994293577210861,0.445159567565378,0.0620752399745875,"Mammalia","Ovis_canadensis","terrestrial",3,"terrestrial","Ovis_canadensis"
"201",-0.896974295628519,-0.110605060848459,-0.14556372394277,-0.361138911019455,0.199374773176146,0.095689857475862,"Mammalia","Ovis_canadensis","terrestrial",3,"terrestrial","Ovis_canadensis"
"202",-0.673074192008942,0.729555424734867,-0.235004310791905,-0.0818817826744342,-0.72023223960811,-0.115697943488921,"Mammalia","Ovis_canadensis","terrestrial",3,"terrestrial","Ovis_canadensis"
"203",-0.704355013948164,0.700922655388964,-0.230949389859565,-0.0421657126230009,-0.727939520953091,-0.119127114958295,"Mammalia","Ovis_canadensis","terrestrial",3,"terrestrial","Ovis_canadensis"
"204",-0.060397442422619,1.22503784070787,-0.0908409964637198,0.179860882379666,-1.9125064359771,-0.202560007910233,"Mammalia","Ovis_canadensis","terrestrial",3,"terrestrial","Ovis_canadensis"
"205",-0.896627649305599,0.533510910941059,-0.274569827739949,-0.293956225207184,-0.144343531626447,-0.0932323194653423,"Mammalia","Ovis_canadensis","terrestrial",3,"terrestrial","Ovis_canadensis"
"206",-0.744726696762159,0.74624333266799,-0.168775126882229,-0.194045319484336,-0.532322557532314,-0.0954141234250167,"Mammalia","Ovis_canadensis","terrestrial",3,"terrestrial","Ovis_canadensis"
"207",-0.945549862004363,0.449343680243559,-0.258977693307443,-0.320564346676983,-0.0293384786630316,-0.0881899371139613,"Mammalia","Ovis_canadensis","terrestrial",3,"terrestrial","Ovis_canadensis"
"208",-1.02579587087072,0.610980143829145,-0.160891024436049,-0.155318746472541,-0.252645510015079,-0.0939620582902416,"Mammalia","Ovis_canadensis","terrestrial",3,"terrestrial","Ovis_canadensis"
"209",1.83946232285189,2.94603096328107,0.436766730391857,0.0941263627150015,0.377815659545152,0.367497331584369,"Mammalia","Pan_troglodytes","arboreal",7,"terrestrial","Pan_troglodytes"
"210",-0.177611398062971,-0.61075482209672,-0.99465515579919,0.0448575853510718,0.343857482295922,-0.0685217011130596,"Mammalia","Panthera_pardus","terrestrial",3,"terrestrial","Panthera_pardus"
"211",1.30558932495431,1.54344380549942,-0.0923665579555067,0.240698172776115,-0.528627541947902,0.124634302290356,"Mammalia","Papio_cynocephalus","terrestrial",3,"terrestrial","Papio_cynocephalus"
"212",-0.701187922459479,0.493851532685032,-0.124569715474647,0.0173358804478909,0.334536702429652,-0.0809559621680415,"Mammalia","Martes_pennanti","terrestrial",3,"terrestrial","Martes_pennanti"
"213",0.213304997057193,-1.47526972426164,-0.771199613205247,-1.56880277069228,-0.279027291683616,0.0970689408688354,"Mammalia","Phocarctos_hookeri","pelagic",2,"marine","Phocarctos_hookeri"
"214",1.63867766705121,0.287133297703977,-0.827033776989392,-0.817984911538612,-0.387203129707847,-0.238522338912011,"Mammalia","Propithecus_edwardsi","arboreal",7,"terrestrial","Propithecus_edwardsi"
"215",2.07467302210959,0.937114606389996,-0.56848845141922,-1.57531971782507,-0.177446934943799,-0.0749810396783502,"Mammalia","Propithecus_edwardsi","arboreal",7,"terrestrial","Propithecus_edwardsi"
"216",1.52970901962723,2.38493130917159,0.417579808172092,-0.220832361899508,-0.0900980238191304,0.153658030958119,"Mammalia","Propithecus_verreauxi","arboreal",7,"terrestrial","Propithecus_verreauxi"
"217",-0.946177576066006,-1.74453097933982,1.38366233099695,0.339590225173434,-0.681480249166176,-0.246769667246916,"Mammalia","Rangifer_tarandus","terrestrial",3,"terrestrial","Rangifer_tarandus"
"218",-1.10252854186106,-1.5792646176457,1.89491705059323,0.517820530073914,-0.936428163675261,-0.217495132083167,"Mammalia","Rangifer_tarandus","terrestrial",3,"terrestrial","Rangifer_tarandus"
"219",-1.91432962899033,-0.213490551280467,-0.286975574548865,0.0571991937763351,-0.238031717490554,0.325780194656673,"Mammalia","Urocitellus_armatus","semifossorial",1,"terrestrial","Urocitellus_armatus"
"220",-1.41622587518201,-0.877135768386451,-0.0396852097757059,-0.109850375017397,-0.298367707531196,0.25643483267872,"Mammalia","Tamiasciurus_hudsonicus","arboreal",7,"terrestrial","Tamiasciurus_hudsonicus"
"221",-1.52314116406878,-0.139115257038064,0.618795232710301,-0.0857455241486274,0.372157432297931,-0.27978780090776,"Mammalia","Urocyon_littoralis","terrestrial",3,"terrestrial","Urocyon_littoralis"
"222",-1.46424323256081,-0.0577610330644253,0.316120737036103,-0.0401330211462778,0.313034429813114,-0.242640025681822,"Mammalia","Urocyon_littoralis","terrestrial",3,"terrestrial","Urocyon_littoralis"
"223",-0.619496385371145,0.324684217742281,-0.389338056547604,0.115100512957051,0.435217694798152,0.0869840033993986,"Mammalia","Ursus_americanus","terrestrial",3,"terrestrial","Ursus_americanus"
"224",-2.144408437745,0.721709752451733,-0.0466374454000863,0.265245786189749,0.826488344193377,0.0721757602513656,"Mammalia","Ursus_americanus","terrestrial",3,"terrestrial","Ursus_americanus"
"225",-0.219084679950927,-0.245103180965086,-0.619020919811674,-0.108802158561917,-0.043439962873243,-0.134033129539435,"Mammalia","Ursus_americanus","terrestrial",3,"terrestrial","Ursus_americanus"
"226",-1.53000866548922,0.234700433644918,0.678206146178841,-0.408255428339827,0.925758675799477,-0.038029794961913,"Mammalia","Ursus_americanus","terrestrial",3,"terrestrial","Ursus_americanus"
"227",-0.109098209841135,2.08583037151456,0.186828975932722,-0.253888216269671,0.566807620119692,0.0415466623631277,"Mammalia","Ursus_maritimus","terrestrial",3,"terrestrial","Ursus_maritimus"
"228",-1.54844642934301,0.342348895916653,0.294941496721311,0.0424557670478661,0.193370711786016,-0.081227444648638,"Mammalia","Zalophus_californianus","pelagic",2,"marine","Zalophus_californianus"
"229",-1.7365389665578,1.60159720052216,1.41983746986637,-0.126377141886537,0.75529600205331,-0.118994493079843,"Mammalia","Zalophus_californianus","pelagic",2,"marine","Zalophus_californianus"
"230",-2.44189983650835,0.5112032263489,0.26474241093088,0.313809953860416,0.401886243967178,-0.0584057793097277,"Mammalia","Zalophus_californianus","pelagic",2,"marine","Zalophus_californianus"
"231",-0.0742071685083593,-0.960069282608834,-0.867552735414008,-0.620583203981209,0.09781010433667,-0.0685459983015076,"Mammalia","Zalophus_californianus","pelagic",2,"marine","Zalophus_californianus"
"232",1.24738750049742,-1.50263477828182,-2.20613355427289,-1.16995397468675,0.0264522920472755,-0.356157445079758,"Mammalia","Zalophus_californianus","pelagic",2,"marine","Zalophus_californianus"
"233",-1.67621166316187,0.545355446529566,0.335565898726799,0.0826645655593797,0.39868917604254,-0.0842381026530116,"Mammalia","Zalophus_californianus","pelagic",2,"marine","Zalophus_californianus"
"234",-1.67356182242075,1.15729261674273,1.11091164713415,-0.0546048034113004,0.283533982732009,-0.0987396082569805,"Mammalia","Zalophus_californianus","pelagic",2,"marine","Zalophus_californianus"
"235",-0.883351344527645,-0.328428715656164,-0.256852144600725,-0.126491010363284,0.222629284717572,-0.103622528731469,"Mammalia","Zalophus_californianus","pelagic",2,"marine","Zalophus_californianus"
"236",3.28805247575148,-3.00786597495634,2.40135250202286,0.43123826440072,-0.352847082789904,0.0896307799560431,"Reptilia","Chelodina_expansa","benthic",6,"marine","Chelodina_expansa"
"237",2.80953483470538,-2.27743973854913,0.683079064957158,0.246498388693417,0.193049384375201,-0.446033407992538,"Reptilia","Chelodina_expansa","benthic",6,"marine","Chelodina_expansa"
"238",3.77237513936382,-1.15434735069101,0.695433136120491,1.31018367310128,-0.829214980857934,1.00259848478358,"Reptilia","Chelydra_serpentina","benthic",6,"marine","Chelydra_serpentina"
"239",0.584478502474779,2.02755332110371,-2.11265664163719,0.339519019609319,1.55838011020889,0.259836223140308,"Reptilia","Chrysemys_picta","benthic",6,"marine","Chrysemys_picta"
"240",4.9679595155562,-1.24556925882686,-0.335564259067656,-0.58246036044433,-0.085366990127462,-0.466367381297232,"Reptilia","Clemmys_guttata","benthic",6,"marine","Clemmys_guttata"
"241",2.11576836358174,-1.89470387805692,0.222041487772382,0.429498386054072,0.602287730078316,-0.116867301781256,"Reptilia","Crocodylus_johnsoni","semiaquatic",4,"marine","Crocodylus_johnsoni"
"242",2.65921022850723,-2.13756799462688,-0.0314087002330987,0.275048443541579,0.863134103171494,-0.225637032543138,"Reptilia","Crocodylus_johnsoni","semiaquatic",4,"marine","Crocodylus_johnsoni"
"243",2.06275512301078,-1.86063627003859,0.385315189010871,0.292092236207474,0.594750380375255,-0.0665862903991412,"Reptilia","Crocodylus_johnsoni","semiaquatic",4,"marine","Crocodylus_johnsoni"
"244",2.14007645130967,-0.18827066521298,1.04850699575006,0.174223384187936,-0.351661615831103,0.0420367073231437,"Reptilia","Crocodylus_johnsoni","semiaquatic",4,"marine","Crocodylus_johnsoni"
"245",-0.385375226329847,-0.434470873941018,-0.518518810684767,0.662587997452329,0.111681051251782,-0.133044809489266,"Reptilia","Cryptophis_nigrescens","terrestrial",3,"terrestrial","Cryptophis_nigrescens"
"246",-1.0954382932167,-0.729731713252702,-0.181748245223873,-0.217482862643345,0.198168384171221,-0.0538648044585479,"Reptilia","Drymarchon_couperi","terrestrial",3,"terrestrial","Drymarchon_couperi"
"247",2.89190241121328,-1.01487474012775,2.10631285266196,0.978348853020674,-1.68043499786346,1.40728730550289,"Reptilia","Emydura_macquarii","benthic",6,"marine","Emydura_macquarii"
"248",3.54991330039465,-3.08894185092887,2.57689337767295,0.179581601113282,-1.05421150991228,0.0665001197513491,"Reptilia","Emydura_macquarii","benthic",6,"marine","Emydura_macquarii"
"249",1.53854167166575,0.1316869542521,-0.7096386819045,0.712914893737993,0.570986157081353,0.0517678873058097,"Reptilia","Hoplocephalus_bungaroides","terrestrial",3,"terrestrial","Hoplocephalus_bungaroides"
"250",2.53585811433552,-1.37405361479004,1.62510906097202,0.11452991280779,0.262516960185851,0.0276232048973674,"Reptilia","Kinosternon_integrum","semiaquatic",4,"marine","Kinosternon_integrum"
"251",2.61392431680873,-1.25054573863574,-1.63681062843289,0.191145456416961,0.513835630262607,0.184565914306383,"Reptilia","Kinosternon_subrubrum","semiaquatic",4,"marine","Kinosternon_subrubrum"
"252",2.57743320508342,-1.36049982535701,-0.409629038047725,0.16693181637861,0.361953932803071,0.0827828393036507,"Reptilia","Kinosternon_subrubrum","semiaquatic",4,"marine","Kinosternon_subrubrum"
"253",2.19763370598291,-0.839301665629864,-1.94487571926563,0.443918307495284,0.446399398505829,0.152323973762178,"Reptilia","Kinosternon_subrubrum","semiaquatic",4,"marine","Kinosternon_subrubrum"
"254",1.77404575801778,-1.5350998666728,-0.327120977548003,0.152092822528456,-0.0837782508929673,-0.31658510906376,"Reptilia","Malaclemys_terrapin","benthic",6,"marine","Malaclemys_terrapin"
"255",0.0131720618125374,0.0327147838622379,0.0997848795196545,1.00499433538382,0.434797350287135,-0.089692050085765,"Reptilia","Phrynosoma_cornutum","terrestrial",3,"terrestrial","Phrynosoma_cornutum"
"256",-0.639824038001134,0.387794078262134,0.0827967481664301,1.2756185109287,0.629227437707041,0.0581625562312906,"Reptilia","Phrynosoma_cornutum","terrestrial",3,"terrestrial","Phrynosoma_cornutum"
"257",-0.305708523671171,-2.00565925295839,0.829222774729251,0.761744337645715,0.467482763288806,0.140277832080141,"Reptilia","Podocnemis_lewyana","benthic",6,"marine","Podocnemis_lewyana"
"258",1.39376243730355,-1.97123163238578,3.13189055841938,0.117257542985016,-1.27695391190974,0.592510115072211,"Reptilia","Podocnemis_expansa","benthic",6,"marine","Podocnemis_expansa"
"259",0.592034512657352,-0.216418302880944,-0.195726738497023,0.588716044681848,-0.12150972943966,-0.394952012420389,"Reptilia","Sceloporus_arenicolus","terrestrial",3,"terrestrial","Sceloporus_arenicolus"
"260",0.62939482342792,-0.232627866259974,-0.187538512267394,0.508430149751347,-0.0491859287451616,-0.38175131331825,"Reptilia","Sceloporus_arenicolus","terrestrial",3,"terrestrial","Sceloporus_arenicolus"
"261",1.0818172051928,-0.437063986882889,-0.310188000138849,0.37511333945856,-0.209791093873982,-0.420720313431515,"Reptilia","Sceloporus_arenicolus","terrestrial",3,"terrestrial","Sceloporus_arenicolus"
"262",0.138399151885616,-0.0808537631435206,-0.229766334440574,0.8256735260716,-0.0114250336390507,-0.345916846637825,"Reptilia","Sceloporus_arenicolus","terrestrial",3,"terrestrial","Sceloporus_arenicolus"
"263",0.755098793551869,-0.290805717639068,-0.210996042006769,0.508663490596455,-0.145783849287242,-0.404862943127909,"Reptilia","Sceloporus_arenicolus","terrestrial",3,"terrestrial","Sceloporus_arenicolus"
"264",0.43861814804547,-0.0296985831205124,-0.176917676042963,0.635373982078661,-0.119591719658342,-0.38908337642155,"Reptilia","Sceloporus_arenicolus","terrestrial",3,"terrestrial","Sceloporus_arenicolus"
"265",0.695280429788761,-0.226178667340684,-0.34341597176034,0.552849484687808,-0.138717667944836,-0.402644536794228,"Reptilia","Sceloporus_arenicolus","terrestrial",3,"terrestrial","Sceloporus_arenicolus"
"266",-0.0314700555236077,-0.0755465205511924,0.650430201816388,0.703772725996058,0.375009531319791,-0.367081742021904,"Reptilia","Sceloporus_grammicus","terrestrial",3,"terrestrial","Sceloporus_grammicus"
"267",-0.00593711572177348,-0.0704980367912111,-0.150414989405563,1.22680565887064,-0.147422873474998,-0.226631124890728,"Reptilia","Sceloporus_grammicus","terrestrial",3,"terrestrial","Sceloporus_grammicus"
"268",0.202702595008004,0.447734358554453,1.17919911562218,-0.0318492191163087,0.688051032001715,-0.517472764018278,"Reptilia","Sceloporus_grammicus","terrestrial",3,"terrestrial","Sceloporus_grammicus"
"269",-0.32443018010485,0.398951433160899,0.4304716357257,0.515318714927907,0.607842256906545,-0.396674436144857,"Reptilia","Sceloporus_grammicus","terrestrial",3,"terrestrial","Sceloporus_grammicus"
"270",0.518764204421055,-0.628147223859903,1.03715387857439,0.414342325964219,0.159018542608431,-0.440564313806518,"Reptilia","Sceloporus_grammicus","terrestrial",3,"terrestrial","Sceloporus_grammicus"
"271",-0.352882378166828,0.115959844140327,0.431454398088122,0.777360680394644,0.454364124986091,-0.338322657224961,"Reptilia","Sceloporus_grammicus","terrestrial",3,"terrestrial","Sceloporus_grammicus"
"272",0.516465966042834,-0.0642860888612184,0.956314889892543,0.53473365304485,0.672833315421741,-0.238960747376658,"Reptilia","Sceloporus_grammicus","terrestrial",3,"terrestrial","Sceloporus_grammicus"
"273",-0.13206779973921,0.547363704247546,1.08020442969959,0.0699700215696639,0.688497866846932,-0.543691687593321,"Reptilia","Sceloporus_grammicus","terrestrial",3,"terrestrial","Sceloporus_grammicus"
"274",0.459052229877118,-0.0773449479834257,1.20002971511382,0.191395011979397,0.412888929997907,-0.47876460544763,"Reptilia","Sceloporus_grammicus","terrestrial",3,"terrestrial","Sceloporus_grammicus"
"275",1.61630400549507,0.205988914636629,-0.592804826635932,0.55295419888006,0.289585063043023,-0.0672343940741939,"Reptilia","Vipera_aspis","terrestrial",3,"terrestrial","Vipera_aspis"
"276",0.613132856844641,0.542193200952031,0.321272377360089,0.934542043716983,0.145173131330824,-0.11170219686205,"Reptilia","Xenosaurus_grandis","terrestrial",3,"terrestrial","Xenosaurus_grandis"
"277",1.47428842713722,-0.132975675165903,0.591636372701171,0.657043469483515,0.321849555446256,-0.21124814800959,"Reptilia","Xenosaurus_platyceps","terrestrial",3,"terrestrial","Xenosaurus_platyceps"
"278",2.97110910230465,-0.476731987810768,0.362773192285269,0.330335687043021,0.0561591400225565,-0.299021891810498,"Reptilia","Xenosaurus_platyceps","terrestrial",3,"terrestrial","Xenosaurus_platyceps"
"279",0.579239751910825,0.202404506925441,0.375899489301162,0.818207199339649,0.475470365849102,-0.13014867450047,"Reptilia","Xenosaurus_platyceps","terrestrial",3,"terrestrial","Xenosaurus_platyceps"
"280",1.82149668859961,3.07133523256358,-0.773950035869968,0.800675359625456,-0.51478011435388,0.155318560562208,"Mammalia","Homo_sapiens","terrestrial",3,"terrestrial","Homo_sapiens"
"281",1.91310799395862,2.93313988932255,-0.981890795014245,0.804559509318646,-0.537908326107303,0.0440843072473696,"Mammalia","Homo_sapiens","terrestrial",3,"terrestrial","Homo_sapiens"
"282",1.91469519859627,2.69659984410885,-0.792655379805062,0.809296776682255,-0.411083230158048,0.223232479193817,"Mammalia","Homo_sapiens","terrestrial",3,"terrestrial","Homo_sapiens"
"283",1.87618257265431,3.26793494933114,-1.11882312063573,0.436595171187273,-0.444846582977846,-0.190376377389095,"Mammalia","Homo_sapiens","terrestrial",3,"terrestrial","Homo_sapiens"
"284",1.75970707826684,3.16269802670034,-0.856422268901613,0.881029858323949,-0.435924472317351,0.0963405482213449,"Mammalia","Homo_sapiens","terrestrial",3,"terrestrial","Homo_sapiens"
"285",1.85191561431456,3.58633924697449,-1.26332286227304,0.631439127086329,-0.251954643636676,-0.127354921480344,"Mammalia","Homo_sapiens","terrestrial",3,"terrestrial","Homo_sapiens"
